episode,total_reward,avg_lane_deviation,steering_variance
1,-31.213317467560863,2.062720678396785,0.0
2,-489.1578166197149,2.495236630524868,0.007747218872933492
