episode,total_reward,avg_lane_deviation,steering_variance
1,-236.5017016636787,2.4743638183399894,0.00022273254259683807
2,285.6153192174775,1.8270628982365227,0.0
