episode,total_reward,avg_lane_deviation,steering_variance
1,-1215.4414500447488,3.051141810977326,6.225443737178659e-05
2,233.80823355810764,1.8818297193002356,6.778816513816792e-05
