episode,total_reward,avg_lane_deviation,steering_variance
1,-1128.7979563472852,2.9438113273776607,4.011952630626251e-05
2,-479.6685524894894,2.436393624300407,0.00025455147725352906
