episode,total_reward,avg_lane_deviation,steering_variance
1,-897.3144310734984,3.2959229279435864,4.930380657631324e-32
2,-785.684102568524,3.178263453492811,0.0
