episode,total_reward,avg_lane_deviation,steering_variance
1,-75.85156610300363,2.2439845515569354,1.2450887474357479e-05
2,-172.92262910852315,2.366461017165873,1.9721522630525295e-31
