episode,total_reward,avg_lane_deviation,steering_variance
1,-1372.6556324731678,2.580401156673467,4.930380657631324e-32
2,-1730.7402693730585,2.602483353870872,0.021001880305357726
