episode,total_reward,avg_lane_deviation,steering_variance
1,-489.7671387056495,2.6972029475629196,0.12987797410890523
2,-339.6027069018258,2.6906819502101196,0.06945381719584875
