episode,total_reward,avg_lane_deviation,steering_variance
1,-1097.7354543039096,3.1116677217594644,0.0
2,-346.63943720168993,2.3081403815348773,0.0
