episode,total_reward,avg_lane_deviation,steering_variance
1,-1114.1122261232647,3.2180846786197304,0.0002158153828888616
2,-1140.4515654857098,3.25828031525569,0.00011067455532762148
