episode,total_reward,avg_lane_deviation,steering_variance
1,-148.6798735382554,2.481918077276264,0.06029549774248808
2,-10.968218526114784,2.4732896773071524,0.11560510676746683
