episode,total_reward,avg_lane_deviation,steering_variance
1,-1191.092190874172,3.0185949762631115,3.009265538105056e-36
2,-1167.590138615536,3.0730166755929593,3.009265538105056e-36
