episode,total_reward,avg_lane_deviation,steering_variance
1,-1536.8171786808334,3.2283001251601933,9.5456803970074e-05
2,-163.38482122912635,2.080766369757195,4.930380657631324e-32
