episode,total_reward,avg_lane_deviation,steering_variance
1,-1354.3224012282938,3.232601600454518,0.00010514082756124029
2,-1275.1949470005156,3.197818244698642,0.0005755076877036314
