episode,total_reward,avg_lane_deviation,steering_variance
1,-1931.7445194945806,2.786825989434854,1.9767282952394278
2,-1942.53329021368,2.774843955619352,0.4217963493001853
