episode,total_reward,avg_lane_deviation,steering_variance
1,-887.7242903300947,2.8258825850981646,2.2134911065524193e-05
2,-142.80329120944654,2.102024632740748,0.0
