episode,total_reward,avg_lane_deviation,steering_variance
1,-1246.146769565062,3.1504949616496525,0.0007484366804030388
2,-560.324074434132,2.482262145294695,0.0
