episode,total_reward,avg_lane_deviation,steering_variance
1,1221.4422251728456,1.2170920857721368,1.2450887474357476e-05
2,873.4812592779558,1.3991270111574283,4.930380657631324e-32
