episode,total_reward,avg_lane_deviation,steering_variance
1,-55.82186272227041,2.514277174604466,0.11354656003837309
2,-25.808694740183615,2.5117401860322417,0.07395965502962451
