episode,total_reward,avg_lane_deviation,steering_variance
1,-553.0001442998503,2.599974320486443,0.000226882838421622
2,-782.2413515824853,2.5626061602142967,0.005306844927959442
