episode,total_reward,avg_lane_deviation,steering_variance
1,-211.63325866839347,2.807645972783587,4.81482486096809e-35
2,620.8744236085387,1.811317345562363,0.0001881467440569562
