episode,total_reward,avg_lane_deviation,steering_variance
1,-379.15931188940397,2.5630678584281203,0.09649299449432826
2,-549.3805076514333,2.5454841329060627,0.4870247641511393
