episode,total_reward,avg_lane_deviation,steering_variance
1,67.44698559382266,1.8879582766282827,1.232595164407831e-32
2,540.2233827800178,1.7136450622689157,1.2037062152420224e-35
