episode,total_reward,avg_lane_deviation,steering_variance
1,-427.66244510020124,2.548721115544407,0.0002434840217207653
2,316.04773013676186,1.9898432614881352,7.703719777548943e-34
