episode,total_reward,avg_lane_deviation,steering_variance
1,1520.4794687472806,1.320712481180395,0.000835592892723541
2,1192.927235359433,1.5896271462177929,0.0003375573937492453
