episode,total_reward,avg_lane_deviation,steering_variance
1,-193.09325548870856,2.6665547385434922,3.009265538105056e-36
2,1003.5833280441709,1.077095988672522,0.0
