episode,total_reward,avg_lane_deviation,steering_variance
1,1664.6218433312085,1.1803019482083656,0.00010514082756123966
2,1580.0550720215535,1.1050608183930513,0.9286321355413568
