episode,total_reward,avg_lane_deviation,steering_variance
1,-169.47034978907686,2.5102336124252536,0.0
2,-215.6432801955792,2.5240836626418703,1.2037062152420224e-35
