episode,total_reward,avg_lane_deviation,steering_variance
1,-138.40755295619215,2.4266289720291607,0.001141331351816095
2,-323.2544428277446,2.4868147307061648,0.00045514910878484215
