episode,total_reward,avg_lane_deviation,steering_variance
1,-321.22958370059104,2.549964253301267,9.545680397007354e-05
2,75.81259591946815,2.172134121963389,0.0
